Date,Price (Close),Volume,Bitcoin Price (Close),Ethereum (Google Interest),NFT (Google Interest),Obs
2-Apr-20,142.03,15322861686,6793.62,2,0,1
3-Apr-20,142.09,13184603402,6733.39,2,0,2
4-Apr-20,145.22,11946658257,6867.53,2,0,3
5-Apr-20,143.55,11280993591,6791.13,3,0,4
6-Apr-20,169.14,21636382525,7271.78,3,0,5
7-Apr-20,165.1,21659346091,7176.41,3,0,6
8-Apr-20,172.64,17063110836,7334.1,3,0,7
9-Apr-20,170.81,14901696210,7302.09,3,0,8
10-Apr-20,158.41,17980944616,6865.49,3,0,9
11-Apr-20,158.22,13555089447,6859.08,3,0,10
12-Apr-20,161.14,15123721386,6971.09,3,0,11
13-Apr-20,156.28,16465282133,6845.04,3,0,12
14-Apr-20,157.6,14723156630,6842.43,3,0,13
15-Apr-20,153.29,14171753737,6642.11,3,0,14
16-Apr-20,172.16,22910469236,7116.8,3,0,15
17-Apr-20,171.64,16714684266,7096.18,3,0,16
18-Apr-20,186.91,20160323443,7257.67,3,0,17
19-Apr-20,181.61,19146038381,7189.42,4,0,18
20-Apr-20,172.3,21266681335,6881.96,4,0,19
21-Apr-20,172.74,16458767984,6880.32,4,0,20
22-Apr-20,182.6,17994666395,7117.21,4,0,21
23-Apr-20,185.03,21275740032,7429.72,4,0,22
24-Apr-20,189.24,16788555028,7550.9,4,0,23
25-Apr-20,195.52,18260969748,7569.94,4,0,24
26-Apr-20,197.32,18335367012,7679.87,4,0,25
27-Apr-20,197.22,18670194595,7795.6,4,0,26
28-Apr-20,198.42,18217507467,7807.06,4,0,27
29-Apr-20,216.97,26397548759,8801.04,4,0,28
30-Apr-20,207.6,28089191904,8658.55,4,0,29
1-May-20,214.22,20816320834,8864.77,4,0,30
2-May-20,215.33,18260876092,8988.6,4,0,31
3-May-20,210.93,20469034664,8897.47,4,0,32
4-May-20,208.17,22602446422,8912.65,4,0,33
5-May-20,206.77,19004689099,9003.07,4,0,34
6-May-20,204.06,20343543799,9268.76,4,0,35
7-May-20,212.29,23594744655,9951.52,4,0,36
8-May-20,212.99,20445139356,9842.67,4,0,37
9-May-20,211.6,18950547549,9593.9,4,0,38
10-May-20,188.6,25211575193,8756.43,4,0,39
11-May-20,185.91,20054601647,8601.8,4,0,40
12-May-20,189.31,15899726284,8804.48,4,0,41
13-May-20,199.19,17054662289,9269.99,4,0,42
14-May-20,202.95,20150524861,9733.72,4,0,43
15-May-20,195.62,16602342092,9328.2,4,0,44
16-May-20,200.68,15379081645,9377.01,4,0,45
17-May-20,207.16,15470397303,9670.74,4,0,46
18-May-20,214.53,17411566928,9726.58,4,0,47
19-May-20,213.45,14346192779,9729.04,4,0,48
20-May-20,210.1,12730175511,9522.98,4,0,49
21-May-20,199.88,13308321229,9081.76,4,0,50
22-May-20,207.17,12041592114,9182.58,4,0,51
23-May-20,208.69,10665476768,9209.29,4,0,52
24-May-20,202.37,11833299572,8790.37,4,0,53
25-May-20,205.32,10415044124,8906.93,4,0,54
26-May-20,201.9,10159741290,8835.05,4,0,55
27-May-20,208.86,10631034756,9181.02,4,0,56
28-May-20,219.84,12212469604,9525.75,4,0,57
29-May-20,220.68,12265816557,9439.12,4,0,58
30-May-20,242.35,15027397867,9700.41,4,0,59
31-May-20,230.98,12234904813,9461.06,4,0,60
1-Jun-20,246.99,13951727936,10167.27,4,0,61
2-Jun-20,237.22,13782107567,9529.8,4,0,62
3-Jun-20,244.18,9861760817,9656.72,4,0,63
4-Jun-20,244.43,10170414304,9800.64,4,0,64
5-Jun-20,241.22,9293963914,9665.53,4,0,65
6-Jun-20,241.93,8114873845,9653.68,4,0,66
7-Jun-20,245.17,9544883157,9758.85,4,0,67
8-Jun-20,246.31,8076783299,9771.49,4,0,68
9-Jun-20,244.91,8446545788,9795.7,4,0,69
10-Jun-20,247.44,8792990206,9870.09,4,0,70
11-Jun-20,231.7,12356528860,9321.78,4,0,71
12-Jun-20,237.49,8868955009,9480.84,4,0,72
13-Jun-20,238.91,7141624980,9475.28,4,0,73
14-Jun-20,234.11,7439385176,9386.79,3,0,74
15-Jun-20,229.93,10536099884,9450.7,3,0,75
16-Jun-20,234.42,7965648016,9538.02,3,0,76
17-Jun-20,233.03,7701391592,9480.25,3,0,77
18-Jun-20,232.1,6713800872,9411.84,3,0,78
19-Jun-20,227.14,6946372590,9288.02,3,0,79
20-Jun-20,229.27,6252830566,9332.34,3,0,80
21-Jun-20,228.99,5600408178,9303.63,4,0,81
22-Jun-20,242.53,9079586552,9648.72,4,0,82
23-Jun-20,244.14,6624530348,9629.66,4,0,83
24-Jun-20,235.77,8815030025,9313.61,4,0,84
25-Jun-20,232.94,7010426122,9264.81,4,0,85
26-Jun-20,229.67,7187490226,9162.92,4,0,86
27-Jun-20,222.96,6918380955,9045.39,4,0,87
28-Jun-20,225.35,6205925718,9143.58,3,0,88
29-Jun-20,228.19,6726164653,9190.85,3,0,89
30-Jun-20,226.32,6094093001,9137.99,3,0,90
1-Jul-20,231.11,6463737443,9228.33,3,0,91
2-Jul-20,229.39,6212210566,9123.41,3,0,92
3-Jul-20,225.39,5109032700,9087.3,3,0,93
4-Jul-20,229.07,5228310135,9132.49,3,0,94
5-Jul-20,227.66,5292172429,9073.94,4,0,95
6-Jul-20,241.51,8782917553,9375.47,4,0,96
7-Jul-20,239.08,6441497597,9252.28,4,0,97
8-Jul-20,246.67,9892586411,9428.33,4,0,98
9-Jul-20,243.02,8429099199,9277.97,4,0,99
10-Jul-20,240.98,7281370522,9278.81,4,0,100
11-Jul-20,239.46,5643067316,9240.35,4,0,101
12-Jul-20,242.13,6596394718,9276.5,3,0,102
13-Jul-20,239.6,7787751468,9243.61,3,0,103
14-Jul-20,240.21,7357458555,9243.21,3,0,104
15-Jul-20,238.42,6189328448,9192.84,3,0,105
16-Jul-20,233.64,5832057567,9132.23,3,0,106
17-Jul-20,232.77,5859850529,9151.39,3,0,107
18-Jul-20,235.48,5397402117,9159.04,3,0,108
19-Jul-20,238.49,6251377305,9185.82,5,0,109
20-Jul-20,236.15,5600686192,9164.23,5,0,110
21-Jul-20,245.02,6806696015,9374.89,5,0,111
22-Jul-20,262.19,7702077383,9525.36,5,0,112
23-Jul-20,274.69,10281309262,9581.07,5,0,113
24-Jul-20,279.22,9466060358,9536.89,5,0,114
25-Jul-20,304.06,10785021813,9677.11,5,0,115
26-Jul-20,309.64,12003973026,9905.17,9,0,116
27-Jul-20,321.51,15644257058,10990.87,9,0,117
28-Jul-20,316.66,12357108065,10912.82,9,0,118
29-Jul-20,318.19,10878845706,11100.47,9,0,119
30-Jul-20,334.59,11827689045,11111.21,9,0,120
31-Jul-20,345.55,12030600492,11323.47,9,0,121
1-Aug-20,385.2,14045259477,11759.59,9,0,122
2-Aug-20,370.67,18909744275,11053.61,9,0,123
3-Aug-20,386.3,12834648062,11246.35,9,0,124
4-Aug-20,389.88,14086704221,11205.89,9,0,125
5-Aug-20,401.59,12875466638,11747.02,9,0,126
6-Aug-20,394.96,11304626458,11779.77,9,0,127
7-Aug-20,379.51,12751687084,11601.47,9,0,128
8-Aug-20,393.99,9342060531,11754.05,9,0,129
9-Aug-20,391.12,9451065592,11675.74,8,0,130
10-Aug-20,395.89,11685827893,11878.11,8,0,131
11-Aug-20,380.38,12792218737,11410.53,8,0,132
12-Aug-20,391.02,12408772745,11584.93,8,0,133
13-Aug-20,428.74,18480303526,11784.14,8,0,134
14-Aug-20,437.4,15064589987,11768.87,8,0,135
15-Aug-20,433.35,12416067894,11865.7,8,0,136
16-Aug-20,433.79,12168816874,11892.8,7,0,137
17-Aug-20,429.53,13227089410,12254.4,7,0,138
18-Aug-20,423.67,11978984079,11991.23,7,0,139
19-Aug-20,406.46,13137391167,11758.28,7,0,140
20-Aug-20,416.44,10043032427,11878.37,7,0,141
21-Aug-20,389.13,11781796374,11592.49,7,0,142
22-Aug-20,395.84,10131847985,11681.83,7,0,143
23-Aug-20,391.38,8137303970,11664.85,5,0,144
24-Aug-20,408.14,10328860398,11774.6,5,0,145
25-Aug-20,384,12428442042,11366.13,5,0,146
26-Aug-20,386.47,9967343483,11488.36,5,0,147
27-Aug-20,382.63,10457777652,11323.4,5,0,148
28-Aug-20,395.87,9120674421,11542.5,5,0,149
29-Aug-20,399.92,8777703481,11506.87,5,0,150
30-Aug-20,428.4,11211948040,11711.51,8,0,151
31-Aug-20,435.08,12774741797,11680.82,8,0,152
1-Sep-20,477.05,18862763756,11970.48,8,0,153
2-Sep-20,440.04,19691854014,11414.03,8,0,154
3-Sep-20,385.67,19622845896,10245.3,8,0,155
4-Sep-20,388.24,16747106257,10511.81,8,0,156
5-Sep-20,335.26,29880047640,10169.57,8,0,157
6-Sep-20,353.36,27643678917,10280.35,5,0,158
7-Sep-20,352.67,21763614732,10369.56,5,0,159
8-Sep-20,337.6,17991403432,10131.52,5,0,160
9-Sep-20,351.11,14547933520,10242.35,5,0,161
10-Sep-20,368.1,31421134556,10363.14,5,0,162
11-Sep-20,374.7,27296269329,10400.92,5,0,163
12-Sep-20,387.18,13295405814,10442.17,5,0,164
13-Sep-20,365.57,15005899191,10323.76,5,0,165
14-Sep-20,377.27,17536695361,10680.84,5,0,166
15-Sep-20,364.84,16140584321,10796.95,5,0,167
16-Sep-20,365.81,16107612177,10974.91,5,0,168
17-Sep-20,389.02,19899531080,10948.99,5,0,169
18-Sep-20,384.36,14108357740,10944.59,5,0,170
19-Sep-20,385.54,11049507684,11094.35,5,0,171
20-Sep-20,371.05,12292195784,10938.27,4,0,172
21-Sep-20,341.79,17398267133,10462.26,4,0,173
22-Sep-20,344.5,12732578043,10538.46,4,0,174
23-Sep-20,321.12,12899346599,10246.19,4,0,175
24-Sep-20,349.36,15714304470,10760.07,4,0,176
25-Sep-20,352.18,14381086966,10692.72,4,0,177
26-Sep-20,355.49,13049148579,10750.72,4,0,178
27-Sep-20,357.44,13598126926,10775.27,4,0,179
28-Sep-20,355.16,14258455166,10709.65,4,0,180
29-Sep-20,359.76,11600013236,10844.64,4,0,181
30-Sep-20,359.94,11818610610,10784.49,4,0,182
1-Oct-20,353.21,14679481911,10619.45,4,0,183
2-Oct-20,346.24,14215390463,10575.97,4,0,184
3-Oct-20,346.52,10060167889,10549.33,4,0,185
4-Oct-20,352.58,10696959020,10669.58,3,0,186
5-Oct-20,353.96,11809507622,10793.34,3,0,187
6-Oct-20,340.82,12830796112,10604.41,3,0,188
7-Oct-20,341.81,11929918060,10668.97,3,0,189
8-Oct-20,350.77,13461017711,10915.69,3,0,190
9-Oct-20,365.59,13043501763,11064.46,3,0,191
10-Oct-20,370.97,13618484324,11296.36,3,0,192
11-Oct-20,375.14,12584512533,11384.18,4,0,193
12-Oct-20,387.73,15867455424,11555.36,4,0,194
13-Oct-20,381.19,14226744838,11425.9,4,0,195
14-Oct-20,379.48,13918846567,11429.51,4,0,196
15-Oct-20,377.44,14964182545,11495.35,4,0,197
16-Oct-20,366.23,14670784817,11322.12,4,0,198
17-Oct-20,368.86,10951115359,11358.1,4,0,199
18-Oct-20,378.21,11047103109,11483.36,5,0,200
19-Oct-20,379.94,12811242092,11742.04,5,0,201
20-Oct-20,369.14,13741586582,11916.33,5,0,202
21-Oct-20,392.19,20241324322,12823.69,5,0,203
22-Oct-20,413.77,15772846485,12965.89,5,0,204
23-Oct-20,409.77,14256222052,12931.54,5,0,205
24-Oct-20,412.46,12201739194,13108.06,5,0,206
25-Oct-20,406.22,10890207469,13031.17,5,0,207
26-Oct-20,393.89,15155684229,13075.25,5,0,208
27-Oct-20,404,13940434102,13654.22,5,0,209
28-Oct-20,388.65,15276441134,13271.29,5,0,210
29-Oct-20,386.73,12920477749,13437.88,5,0,211
30-Oct-20,382.82,13688056970,13546.52,5,0,212
31-Oct-20,386.59,11276963426,13781,5,0,213
1-Nov-20,396.36,10475146018,13737.11,5,0,214
2-Nov-20,383.16,13997574252,13550.49,5,0,215
3-Nov-20,387.6,12588494762,13950.3,5,0,216
4-Nov-20,402.14,15126077675,14133.71,5,0,217
5-Nov-20,414.07,15440711038,15579.85,5,0,218
6-Nov-20,454.72,16738305610,15565.88,5,0,219
7-Nov-20,435.71,18873289788,14833.75,5,0,220
8-Nov-20,453.55,11292383601,15479.57,6,0,221
9-Nov-20,444.16,13704320630,15332.32,6,0,222
10-Nov-20,449.68,12090381666,15290.9,6,0,223
11-Nov-20,462.96,14075403511,15701.34,6,0,224
12-Nov-20,461.01,12877327234,16276.34,6,0,225
13-Nov-20,474.63,13191505725,16317.81,6,0,226
14-Nov-20,460.15,10312037942,16068.14,6,0,227
15-Nov-20,447.56,10308617165,15955.59,9,0,228
16-Nov-20,459.94,11441239444,16716.11,9,0,229
17-Nov-20,480.36,14593057877,17645.41,9,0,230
18-Nov-20,479.48,17880199224,17804.01,9,0,231
19-Nov-20,471.63,12473929218,17817.09,9,0,232
20-Nov-20,509.74,18629943296,18621.31,9,0,233
21-Nov-20,549.49,20757099184,18642.23,9,0,234
22-Nov-20,558.07,21967049601,18370,13,0,235
23-Nov-20,608.45,27272302872,18364.12,13,0,236
24-Nov-20,603.9,23281758100,19107.46,13,0,237
25-Nov-20,570.69,20088492893,18732.12,13,0,238
26-Nov-20,518.8,31104004592,17150.62,13,0,239
27-Nov-20,517.49,16831105703,17108.4,13,0,240
28-Nov-20,538.23,14770243833,17717.41,13,0,241
29-Nov-20,575.76,15017517758,18177.48,11,0,242
30-Nov-20,614.84,20276867833,19625.84,11,0,243
1-Dec-20,587.32,27178964465,18803,11,0,244
2-Dec-20,598.35,16883292129,19201.09,11,0,245
3-Dec-20,616.71,16146190946,19445.4,11,0,246
4-Dec-20,569.35,16337589997,18699.77,11,0,247
5-Dec-20,596.6,13498010566,19154.23,11,0,248
6-Dec-20,601.91,11290893016,19345.12,8,0,249
7-Dec-20,591.84,10720480962,19191.63,8,0,250
8-Dec-20,554.83,14398919320,18321.14,8,0,251
9-Dec-20,573.48,15855915840,18553.92,8,0,252
10-Dec-20,559.68,11672582040,18264.99,8,0,253
11-Dec-20,545.8,11098819124,18058.9,8,0,254
12-Dec-20,568.57,8534557897,18803.66,8,0,255
13-Dec-20,589.66,9070377862,19142.38,11,0,256
14-Dec-20,586.01,8125837102,19246.64,11,0,257
15-Dec-20,589.36,9326645840,19417.08,11,0,258
16-Dec-20,636.18,15817248373,21310.6,11,0,259
17-Dec-20,642.87,25479532147,22805.16,11,0,260
18-Dec-20,654.81,15756303983,23137.96,11,0,261
19-Dec-20,659.3,12830893778,23869.83,11,0,262
20-Dec-20,638.29,13375855442,23477.29,11,0,263
21-Dec-20,609.82,14419493621,22803.08,11,0,264
22-Dec-20,634.85,14745890080,23783.03,11,0,265
23-Dec-20,583.71,15261413038,23241.35,11,0,266
24-Dec-20,611.61,14317413703,23735.95,11,0,267
25-Dec-20,626.41,13520927700,24664.79,11,0,268
26-Dec-20,635.84,14761125202,26437.04,11,0,269
27-Dec-20,682.64,26093552821,26272.29,18,0,270
28-Dec-20,730.4,24222565862,27084.81,18,0,271
29-Dec-20,731.52,18710683199,27362.44,18,0,272
30-Dec-20,751.62,17294574210,28840.95,18,0,273
31-Dec-20,737.8,13926846861,29001.72,18,0,274
1-Jan-21,730.37,13652004358,29374.15,18,0,275
2-Jan-21,774.53,19740771179,32127.27,18,0,276
3-Jan-21,975.51,45200463368,32782.02,52,0,277
4-Jan-21,1040.23,56945985763,31971.91,52,0,278
5-Jan-21,1100.01,41535932781,33992.43,52,0,279
6-Jan-21,1207.11,44699914188,36824.36,52,0,280
7-Jan-21,1225.68,40468027280,39371.04,52,0,281
8-Jan-21,1224.2,44334826666,40797.61,52,0,282
9-Jan-21,1281.08,33233105361,40254.55,52,0,283
10-Jan-21,1262.25,40616938053,38356.44,37,0,284
11-Jan-21,1090.15,60733630300,35566.66,37,0,285
12-Jan-21,1043.43,37494601692,33922.96,37,0,286
13-Jan-21,1130.74,30109792795,37316.36,37,0,287
14-Jan-21,1218.45,33410915929,39187.33,37,0,288
15-Jan-21,1171.83,35972039310,36825.37,37,0,289
16-Jan-21,1233.54,32319240157,36178.14,37,0,290
17-Jan-21,1230.17,29258032819,35791.28,30,1,291
18-Jan-21,1257.28,25817455560,36630.07,30,1,292
19-Jan-21,1377.3,47195935190,36069.8,30,1,293
20-Jan-21,1382.27,46784030909,35547.75,30,1,294
21-Jan-21,1121.57,45932464754,30825.7,30,1,295
22-Jan-21,1236.51,43918338506,33005.76,30,1,296
23-Jan-21,1230.99,27253895441,32067.64,30,1,297
24-Jan-21,1391.61,36418163554,32289.38,33,1,298
25-Jan-21,1324.41,43565777745,32366.39,33,1,299
26-Jan-21,1357.06,41572917750,32569.85,33,1,300
27-Jan-21,1253.19,39394416990,30432.55,33,1,301
28-Jan-21,1332.49,34637234789,33466.1,33,1,302
29-Jan-21,1382.52,53611955259,34316.39,33,1,303
30-Jan-21,1376.12,30616574234,34269.52,33,1,304
31-Jan-21,1314.99,25198853581,33114.36,45,1,305
1-Feb-21,1369.04,29210670920,33537.18,45,1,306
2-Feb-21,1515.19,45437142801,35510.29,45,1,307
3-Feb-21,1660.91,41874566399,37472.09,45,1,308
4-Feb-21,1594.76,44396871836,36926.07,45,1,309
5-Feb-21,1718.65,40108628454,38144.31,45,1,310
6-Feb-21,1677.85,39873420648,39266.01,45,1,311
7-Feb-21,1614.23,39889440151,38903.44,50,2,312
8-Feb-21,1746.62,48012285956,46196.46,50,2,313
9-Feb-21,1768.04,44180727529,46481.11,50,2,314
10-Feb-21,1744.24,41916084617,44918.18,50,2,315
11-Feb-21,1783.8,36021495262,47909.33,50,2,316
12-Feb-21,1843.53,37905036865,47504.85,50,2,317
13-Feb-21,1814.11,35359490535,47105.52,50,2,318
14-Feb-21,1805.08,31439114900,48717.29,50,5,319
15-Feb-21,1779.79,38955610883,47945.06,50,5,320
16-Feb-21,1781.07,34269369268,49199.87,50,5,321
17-Feb-21,1848.46,35955412703,52149.01,50,5,322
18-Feb-21,1937.45,28255902969,51679.8,50,5,323
19-Feb-21,1960.16,26268814253,55888.13,50,5,324
20-Feb-21,1919.53,34696091102,56099.52,50,5,325
21-Feb-21,1935.6,23626547717,57539.95,45,12,326
22-Feb-21,1781.99,42409646036,54207.32,45,12,327
23-Feb-21,1570.2,52029864713,48824.43,45,12,328
24-Feb-21,1626.58,31329000537,49705.33,45,12,329
25-Feb-21,1475.7,24481681873,47093.85,45,12,330
26-Feb-21,1446.03,31435997881,46339.76,45,12,331
27-Feb-21,1459.97,20742103233,46188.45,45,12,332
28-Feb-21,1416.05,27637026080,45137.77,30,21,333
1-Mar-21,1564.71,24032838645,49631.24,30,21,334
2-Mar-21,1492.61,22523669722,48378.99,30,21,335
3-Mar-21,1575.85,22674780680,50538.24,30,21,336
4-Mar-21,1541.91,22906118718,48561.17,30,21,337
5-Mar-21,1533.28,21067146937,48927.3,30,21,338
6-Mar-21,1654.74,22746262366,48912.38,30,21,339
7-Mar-21,1723.15,23809935410,51206.69,35,41,340
8-Mar-21,1834.73,27630991158,52246.52,35,41,341
9-Mar-21,1868.05,23461244507,54824.12,35,41,342
10-Mar-21,1799.17,25154173185,56008.55,35,41,343
11-Mar-21,1826.19,24013132909,57805.12,35,41,344
12-Mar-21,1772.1,22435821312,57332.09,35,41,345
13-Mar-21,1924.69,25014689475,61243.09,35,41,346
14-Mar-21,1854.56,19344589211,59302.32,30,39,347
15-Mar-21,1791.7,26244738810,55907.2,30,39,348
16-Mar-21,1806.97,23828509590,56804.9,30,39,349
17-Mar-21,1823.45,24512917348,58870.89,30,39,350
18-Mar-21,1782.86,23263845504,57858.92,30,39,351
19-Mar-21,1817.62,21249297710,58346.65,30,39,352
20-Mar-21,1812.63,22677674970,58313.64,30,39,353
21-Mar-21,1788.22,22977404620,57523.42,25,40,354
22-Mar-21,1691.33,23599296129,54529.14,25,40,355
23-Mar-21,1678.65,21998237965,54738.95,25,40,356
24-Mar-21,1593.41,31228051473,52774.27,25,40,357
25-Mar-21,1595.36,29650328701,51704.16,25,40,358
26-Mar-21,1702.84,22548516548,55137.31,25,40,359
27-Mar-21,1716.49,18102277710,55973.51,25,40,360
28-Mar-21,1691.36,16599472938,55950.75,32,38,361
29-Mar-21,1819.68,22796570548,57750.2,32,38,362
30-Mar-21,1846.03,22512781703,58917.69,32,38,363
31-Mar-21,1918.36,30226902621,58918.83,32,38,364
1-Apr-21,1977.28,30914259795,59095.81,32,38,365
2-Apr-21,2143.23,34862511022,59384.31,32,38,366
3-Apr-21,2028.42,32011518871,57603.89,32,38,367
4-Apr-21,2093.12,26006501902,58758.55,33,25,368
5-Apr-21,2107.89,28889391170,59057.88,33,25,369
6-Apr-21,2118.38,29222865881,58192.36,33,25,370
7-Apr-21,1971.08,36116271935,56048.94,33,25,371
8-Apr-21,2088.57,25312956529,58323.95,33,25,372
9-Apr-21,2072.11,19812472092,58245,33,25,373
10-Apr-21,2135.94,24986243611,59793.23,33,25,374
11-Apr-21,2157.66,19692836132,60204.96,46,26,375
12-Apr-21,2139.35,21727936609,59893.45,46,26,376
13-Apr-21,2299.19,29456642939,63503.46,46,26,377
14-Apr-21,2435.1,35592822986,63109.7,46,26,378
15-Apr-21,2519.12,32325606817,63314.01,46,26,379
16-Apr-21,2431.95,36196928256,61572.79,46,26,380
17-Apr-21,2344.9,32349808978,60683.82,46,26,381
18-Apr-21,2237.14,50696368718,56216.18,47,18,382
19-Apr-21,2166.19,34060654971,55724.27,47,18,383
20-Apr-21,2330.21,39433483315,56473.03,47,18,384
21-Apr-21,2364.75,38899067643,53906.09,47,18,385
22-Apr-21,2403.54,53575904724,51762.27,47,18,386
23-Apr-21,2363.59,55413933925,51093.65,47,18,387
24-Apr-21,2211.63,31854226936,50050.87,47,18,388
25-Apr-21,2316.06,31814355546,49004.25,48,32,389
26-Apr-21,2534.48,35208325408,54021.75,48,32,390
27-Apr-21,2662.87,32275969215,55033.12,48,32,391
28-Apr-21,2746.38,34269031076,54824.7,48,32,392
29-Apr-21,2756.88,32578127990,53555.11,48,32,393
30-Apr-21,2773.21,29777179889,57750.18,48,32,394
1-May-21,2945.89,28726205272,57828.05,48,32,395
2-May-21,2952.06,28032013047,56631.08,93,18,396
3-May-21,3431.09,49174290212,57200.29,93,18,397
4-May-21,3253.63,62402045158,53333.54,93,18,398
5-May-21,3522.78,48334198383,57424.01,93,18,399
6-May-21,3490.88,44300394788,56396.52,93,18,400
7-May-21,3484.73,39607240515,57356.4,93,18,401
8-May-21,3902.65,50208491286,58803.78,93,18,402
9-May-21,3928.84,50568290278,58232.32,100,15,403
10-May-21,3952.29,62691789007,55859.8,100,15,404
11-May-21,4168.7,52679737865,56704.57,100,15,405
12-May-21,3785.85,69023382175,49150.54,100,15,406
13-May-21,3715.15,78398214539,49716.19,100,15,407
14-May-21,4079.06,48174271215,49880.54,100,15,408
15-May-21,3638.12,42422321751,46760.19,100,15,409
16-May-21,3587.51,47359478734,46456.06,84,14,410
17-May-21,3282.4,54061732774,43537.51,84,14,411
18-May-21,3380.07,40416525218,42909.4,84,14,412
19-May-21,2460.68,84482912776,37002.44,84,14,413
20-May-21,2784.29,67610826680,40782.74,84,14,414
21-May-21,2430.62,53774070802,37304.69,84,14,415
22-May-21,2295.71,42089937660,37536.63,84,14,416
23-May-21,2109.58,56005721977,34770.58,66,16,417
24-May-21,2643.59,53697121740,38705.98,66,16,418
25-May-21,2706.63,49558333256,38402.22,66,16,419
26-May-21,2888.7,42499766020,39294.2,66,16,420
27-May-21,2736.49,33373635283,38436.97,66,16,421
28-May-21,2419.91,39999114805,35697.61,66,16,422
29-May-21,2279.51,33773720220,34616.07,66,16,423
30-May-21,2390.31,25876619428,35678.13,44,9,424
31-May-21,2714.95,31007383150,37332.86,44,9,425
1-Jun-21,2633.52,27363223090,36684.93,44,9,426
2-Jun-21,2706.13,27723267359,37575.18,44,9,427
3-Jun-21,2855.13,30038207402,39208.77,44,9,428
4-Jun-21,2688.2,34173841611,36894.41,44,9,429
5-Jun-21,2630.58,30496672724,35551.96,44,9,430
6-Jun-21,2715.09,25311639414,35862.38,37,8,431
7-Jun-21,2590.26,30600111277,33560.71,37,8,432
8-Jun-21,2517.44,41909736778,33472.63,37,8,433
9-Jun-21,2608.27,36075832186,37345.12,37,8,434
10-Jun-21,2471.52,28753626390,36702.6,37,8,435
11-Jun-21,2353.77,24832564195,37334.4,37,8,436
12-Jun-21,2372.48,25724364410,35552.52,37,8,437
13-Jun-21,2508.39,27092945370,39097.86,31,8,438
14-Jun-21,2537.89,26964576331,40218.48,31,8,439
15-Jun-21,2610.94,29005279219,40406.27,31,8,440
16-Jun-21,2367.66,24101926180,38347.06,31,8,441
17-Jun-21,2372,21871633186,38053.5,31,8,442
18-Jun-21,2231.73,22752818388,35787.25,31,8,443
19-Jun-21,2178.5,18765854896,35615.87,31,8,444
20-Jun-21,2246.36,22535930423,35698.3,37,7,445
21-Jun-21,1888.45,33745173825,31676.69,37,7,446
22-Jun-21,1874.95,35547251725,32505.66,37,7,447
23-Jun-21,1989.74,28408659206,33723.03,37,7,448
24-Jun-21,1988.46,20272845769,34662.44,37,7,449
25-Jun-21,1813.22,22774334998,31637.78,37,7,450
26-Jun-21,1829.24,20637542361,32186.28,37,7,451
27-Jun-21,1978.89,19885474742,34649.64,27,6,452
28-Jun-21,2079.66,25514602841,34434.34,27,6,453
29-Jun-21,2160.77,24815124419,35867.78,27,6,454
30-Jun-21,2274.55,25828056268,35040.84,27,6,455
1-Jul-21,2113.61,29061701793,33572.12,27,6,456
2-Jul-21,2150.04,31796212554,33897.05,27,6,457
3-Jul-21,2226.11,17433361641,34668.55,27,6,458
4-Jul-21,2321.72,18787107473,35287.78,23,6,459
5-Jul-21,2198.58,20103794829,33746,23,6,460
6-Jul-21,2324.68,20891861314,34235.2,23,6,461
7-Jul-21,2315.16,22398345285,33855.33,23,6,462
8-Jul-21,2120.03,23188123689,32877.37,23,6,463
9-Jul-21,2146.69,23029574602,33798.01,23,6,464
10-Jul-21,2111.4,17581542471,33520.52,23,6,465
11-Jul-21,2139.66,14705386138,34240.19,21,7,466
12-Jul-21,2036.72,17768129077,33155.85,21,7,467
13-Jul-21,1940.08,16621628658,32702.03,21,7,468
14-Jul-21,1994.33,17342819679,32822.35,21,7,469
15-Jul-21,1911.18,15688092552,31780.73,21,7,470
16-Jul-21,1880.38,14884569147,31421.54,21,7,471
17-Jul-21,1898.83,13364282076,31533.07,21,7,472
18-Jul-21,1895.55,13791868728,31796.81,24,6,473
19-Jul-21,1817.3,14157735481,30817.83,24,6,474
20-Jul-21,1787.51,17368597636,29807.35,24,6,475
21-Jul-21,1990.97,21253359756,32110.69,24,6,476
22-Jul-21,2025.2,17495480331,32313.11,24,6,477
23-Jul-21,2124.78,16200392492,33581.55,24,6,478
24-Jul-21,2189.22,16057446601,34292.45,24,6,479
25-Jul-21,2191.37,14566483636,35350.19,27,7,480
26-Jul-21,2233.37,29614324233,37337.54,27,7,481
27-Jul-21,2298.33,23067480378,39406.94,27,7,482
28-Jul-21,2296.55,18991302378,39995.91,27,7,483
29-Jul-21,2380.96,16313373113,40008.42,27,7,484
30-Jul-21,2466.96,20212848934,42235.55,27,7,485
31-Jul-21,2536.21,18001710283,41626.2,27,7,486
1-Aug-21,2561.85,22697987055,39974.89,43,9,487
2-Aug-21,2610.15,22162754104,39201.95,43,9,488
3-Aug-21,2502.35,22696753413,38152.98,43,9,489
4-Aug-21,2724.62,25038698173,39747.5,43,9,490
5-Aug-21,2827.33,31057928075,40869.55,43,9,491
6-Aug-21,2890.94,26528577879,42816.5,43,9,492
7-Aug-21,3157.24,33081467129,44555.8,43,9,493
8-Aug-21,3013.73,28433638008,43798.12,41,15,494
9-Aug-21,3167.86,31983260936,46365.4,41,15,495
10-Aug-21,3141.69,27605221710,45585.03,41,15,496
11-Aug-21,3164.25,26729035052,45593.64,41,15,497
12-Aug-21,3043.41,25403699845,44428.29,41,15,498
13-Aug-21,3322.21,23868866254,47793.32,41,15,499
14-Aug-21,3265.44,19860862133,47096.95,41,15,500
15-Aug-21,3310.5,22166205051,47047,33,13,501
16-Aug-21,3156.51,23080039949,46004.48,33,13,502
17-Aug-21,3014.85,25509056745,44695.36,33,13,503
18-Aug-21,3020.09,21539248425,44801.19,33,13,504
19-Aug-21,3182.7,19546290360,46717.58,33,13,505
20-Aug-21,3286.94,20885619828,49339.18,33,13,506
21-Aug-21,3226.08,18113977628,48905.49,33,13,507
22-Aug-21,3242.12,15983278460,49321.65,33,27,508
23-Aug-21,3319.26,20511110509,49546.15,33,27,509
24-Aug-21,3172.46,20131028906,47706.12,33,27,510
25-Aug-21,3224.92,18902728235,48960.79,33,27,511
26-Aug-21,3100.33,17405668117,46942.22,33,27,512
27-Aug-21,3270.6,18489602004,49058.67,33,27,513
28-Aug-21,3244.4,13709633698,48902.4,33,27,514
29-Aug-21,3227,13296586731,48829.83,42,29,515
30-Aug-21,3224.37,19306924485,47054.98,42,29,516
31-Aug-21,3433.73,27280502987,47166.69,42,29,517
1-Sep-21,3834.83,30070890104,48847.03,42,29,518
2-Sep-21,3790.99,24387397330,49327.72,42,29,519
3-Sep-21,3940.61,26207765094,50025.38,42,29,520
4-Sep-21,3887.83,20806963328,49944.63,42,29,521
5-Sep-21,3952.13,18371468576,51753.41,39,22,522
6-Sep-21,3928.38,18674691198,52633.54,39,22,523
7-Sep-21,3426.39,39131346397,46811.13,39,22,524
8-Sep-21,3497.32,31738430771,46091.39,39,22,525
9-Sep-21,3427.34,24118055831,46391.42,39,22,526
10-Sep-21,3211.51,22355974097,44883.91,39,22,527
11-Sep-21,3270.28,18627122934,45201.46,39,22,528
12-Sep-21,3410.13,16810411424,46063.27,27,18,529
13-Sep-21,3285.51,22721552948,44963.07,27,18,530
14-Sep-21,3429.17,19125420848,47092.49,27,18,531
15-Sep-21,3615.28,17548551804,48176.35,27,18,532
16-Sep-21,3571.29,20093903064,47783.36,27,18,533
17-Sep-21,3398.54,17722363229,47267.52,27,18,534
18-Sep-21,3432.02,15995220233,48278.36,27,18,535
19-Sep-21,3329.45,14257609743,47260.22,32,19,536
20-Sep-21,2958.99,27371684581,42843.8,32,19,537
21-Sep-21,2764.43,30405062665,40693.68,32,19,538
22-Sep-21,3077.87,23742102645,43574.51,32,19,539
23-Sep-21,3155.52,18516291047,44895.1,32,19,540
24-Sep-21,2931.67,25595422789,42839.75,32,19,541
25-Sep-21,2925.57,18932786754,42716.59,32,19,542
26-Sep-21,3062.27,21172766310,43208.54,26,18,543
27-Sep-21,2934.14,19164053681,42235.73,26,18,544
28-Sep-21,2807.3,16895079070,41034.54,26,18,545
29-Sep-21,2853.14,15763456158,41564.36,26,18,546
30-Sep-21,3001.68,17661065099,43790.89,26,18,547
1-Oct-21,3307.52,22307625573,48116.94,26,18,548
2-Oct-21,3391.69,19202671704,47711.49,26,18,549
3-Oct-21,3418.36,15516566862,48199.95,32,22,550
4-Oct-21,3380.09,17747154101,49112.9,32,22,551
5-Oct-21,3518.52,16632591670,51514.81,32,22,552
6-Oct-21,3580.56,21855226591,55361.45,32,22,553
7-Oct-21,3587.97,19090322927,53805.98,32,22,554
8-Oct-21,3563.76,16222029488,53967.85,32,22,555
9-Oct-21,3575.72,12707036942,54968.22,32,22,556
10-Oct-21,3425.85,16171746693,54771.58,34,29,557
11-Oct-21,3545.35,18579189588,57484.79,34,29,558
12-Oct-21,3492.57,18109578443,56041.06,34,29,559
13-Oct-21,3606.2,16211275589,57401.1,34,29,560
14-Oct-21,3786.01,19443499909,57321.52,34,29,561
15-Oct-21,3862.63,20966841512,61593.95,34,29,562
16-Oct-21,3830.38,16578095629,60892.18,34,29,563
17-Oct-21,3847.1,15908090346,61553.62,45,30,564
18-Oct-21,3748.76,17386204158,62026.08,45,30,565
19-Oct-21,3877.65,15998757133,64261.99,45,30,566
20-Oct-21,4155.99,20338319988,65992.84,45,30,567
21-Oct-21,4054.32,28220661820,62210.17,45,30,568
22-Oct-21,3970.18,19432937968,60692.27,45,30,569
23-Oct-21,4171.66,14781537792,61393.62,45,30,570
24-Oct-21,4087.9,14978083638,60930.84,47,41,571
25-Oct-21,4217.88,15995727040,63039.82,47,41,572
26-Oct-21,4131.1,17157714562,60363.79,47,41,573
27-Oct-21,3930.26,26219530404,58482.39,47,41,574
28-Oct-21,4287.32,25958154575,60622.14,47,41,575
29-Oct-21,4414.75,22967641914,62227.96,47,41,576
30-Oct-21,4325.65,14615490626,61888.83,47,41,577
31-Oct-21,4288.07,17498160238,61318.96,48,53,578
1-Nov-21,4324.63,17985288261,61004.41,48,53,579
2-Nov-21,4584.8,20794448222,63226.4,48,53,580
3-Nov-21,4607.19,21220463155,62970.05,48,53,581
4-Nov-21,4537.32,18415244464,61452.23,48,53,582
5-Nov-21,4486.24,15086003586,61125.68,48,53,583
6-Nov-21,4521.58,14429076700,61527.48,48,53,584
7-Nov-21,4620.55,13541376033,63326.99,54,60,585
8-Nov-21,4812.09,19290896267,67566.83,54,60,586
9-Nov-21,4735.07,20834172627,66971.83,54,60,587
10-Nov-21,4636.17,22748160545,64995.23,54,60,588
11-Nov-21,4730.38,17933201129,64949.96,54,60,589
12-Nov-21,4667.12,18316060208,64155.94,54,60,590
13-Nov-21,4651.46,14457436261,64469.53,54,60,591
14-Nov-21,4626.36,12172962219,65466.84,46,63,592
15-Nov-21,4557.5,16275851299,63557.87,46,63,593
16-Nov-21,4216.37,27417502801,60161.25,46,63,594
17-Nov-21,4287.59,22183461850,60368.01,46,63,595
18-Nov-21,4000.65,21383250893,56942.14,46,63,596
19-Nov-21,4298.31,20626269711,58119.58,46,63,597
20-Nov-21,4409.93,15448261277,59697.2,46,63,598
21-Nov-21,4269.73,14094831413,58730.48,38,55,599
22-Nov-21,4088.46,19752218877,56289.29,38,55,600
23-Nov-21,4340.76,22133497059,57569.07,38,55,601
24-Nov-21,4239.98,21838037128,56280.43,38,55,602
25-Nov-21,4274.74,18705358318,57274.68,38,55,603
26-Nov-21,4030.91,26281795488,53569.77,38,55,604
27-Nov-21,4096.91,16515693874,54815.08,38,55,605
28-Nov-21,4294.45,15953126340,57248.46,44,70,606
29-Nov-21,4445.1,19086475837,57806.57,44,70,607
30-Nov-21,4631.48,28626354111,57005.43,44,70,608
1-Dec-21,4586.99,27634826695,57229.83,44,70,609
2-Dec-21,4511.3,21502671027,56477.82,44,70,610
3-Dec-21,4220.71,25879591528,53598.25,44,70,611
4-Dec-21,4119.59,38478999182,49200.7,44,70,612
5-Dec-21,4198.32,25533062707,49368.85,40,71,613
6-Dec-21,4358.74,28229518513,50582.63,40,71,614
7-Dec-21,4315.06,22366213354,50700.09,40,71,615
8-Dec-21,4439.36,18704315119,50504.8,40,71,616
9-Dec-21,4119.82,22296131874,47672.12,40,71,617
10-Dec-21,3908.5,28014595631,47243.3,40,71,618
11-Dec-21,4084.45,19131502454,49362.51,40,71,619
12-Dec-21,4134.45,14057603914,50098.34,39,88,620
13-Dec-21,3784.23,23999841386,46737.48,39,88,621
14-Dec-21,3745.44,23836759957,46612.63,39,88,622
15-Dec-21,4018.39,26411188833,48896.72,39,88,623
16-Dec-21,3962.47,19825531254,47665.43,39,88,624
17-Dec-21,3879.49,23143541098,46202.14,39,88,625
18-Dec-21,3960.86,19530895889,46848.78,39,88,626
19-Dec-21,3922.59,16167785597,46707.02,33,85,627
20-Dec-21,3933.84,21589690675,46880.28,33,85,628
21-Dec-21,4020.26,16388555198,48936.61,33,85,629
22-Dec-21,3982.1,13921756199,48628.51,33,85,630
23-Dec-21,4108.02,18007273742,50784.54,33,85,631
24-Dec-21,4047.98,12769090623,50822.2,33,85,632
25-Dec-21,4093.28,10894785525,50429.86,33,85,633
26-Dec-21,4067.33,11197244172,50809.52,35,71,634
27-Dec-21,4037.55,11424360002,50640.42,35,71,635
28-Dec-21,3800.89,17299472803,47588.86,35,71,636
29-Dec-21,3628.53,15722555672,46444.71,35,71,637
30-Dec-21,3713.85,12925377999,47178.13,35,71,638
31-Dec-21,3682.63,14157285268,46306.45,35,71,639
1-Jan-22,3769.7,9776191466,47686.81,35,71,640
2-Jan-22,3829.56,9881471548,47345.22,40,82,641
3-Jan-22,3761.38,12080777893,46458.12,40,82,642
4-Jan-22,3794.06,14030925983,45897.57,40,82,643
5-Jan-22,3550.39,18061338502,43569,40,82,644
6-Jan-22,3418.41,24293791313,43160.93,40,82,645
7-Jan-22,3193.21,24494179209,41557.9,40,82,646
8-Jan-22,3091.97,16037732700,41733.94,40,82,647
9-Jan-22,3157.75,12334683863,41911.6,39,79,648
10-Jan-22,3083.1,19535744145,41821.26,39,79,649
11-Jan-22,3238.11,15211447193,42735.86,39,79,650
12-Jan-22,3372.26,16662871689,43949.1,39,79,651
13-Jan-22,3248.29,15294466275,42591.57,39,79,652
14-Jan-22,3310,13562957230,43099.7,39,79,653
15-Jan-22,3330.53,9619999078,43177.4,39,79,654
16-Jan-22,3350.92,9505934874,43113.88,40,100,655
17-Jan-22,3212.3,12344309617,42250.55,40,100,656
18-Jan-22,3164.03,13024154091,42375.63,40,100,657
19-Jan-22,3095.83,13187424144,41744.33,40,100,658
20-Jan-22,3001.12,10645922764,40680.42,40,100,659
21-Jan-22,2557.93,26796291874,36457.32,40,100,660
22-Jan-22,2405.18,27369692036,35030.25,40,100,661
23-Jan-22,2535.04,16481489511,36276.8,43,96,662
24-Jan-22,2440.35,28220804648,36654.33,43,96,663
25-Jan-22,2455.94,16179776932,36954,43,96,664
26-Jan-22,2468.03,21229909340,36852.12,43,96,665
27-Jan-22,2423,16126522783,37138.23,43,96,666
28-Jan-22,2547.09,14666227351,37784.33,43,96,667
29-Jan-22,2597.08,11172062661,38138.18,43,96,668
30-Jan-22,2603.47,9501221177,37917.6,32,83,669
31-Jan-22,2688.28,13778234614,38483.13,32,83,670
1-Feb-22,2792.12,13194846235,38743.27,32,83,671
2-Feb-22,2682.85,13876301217,36952.98,32,83,672
3-Feb-22,2679.16,12755505065,37154.6,32,83,673
4-Feb-22,2983.59,18987223729,41500.88,32,83,674
5-Feb-22,3014.65,13102093957,41441.16,32,83,675
6-Feb-22,3057.48,9466018022,42412.43,29,66,676
7-Feb-22,3142.47,15197063785,43840.29,29,66,677
8-Feb-22,3122.61,17136080906,44118.45,29,66,678
9-Feb-22,3239.46,13951308490,44338.8,29,66,679
10-Feb-22,3077.48,18629485080,43565.11,29,66,680
11-Feb-22,2927.38,16043881065,42407.94,29,66,681
12-Feb-22,2917.36,11254355757,42244.47,29,66,682
13-Feb-22,2883.46,9054963563,42197.52,23,55,683
14-Feb-22,2933.48,12164552172,42586.92,23,55,684
15-Feb-22,3179.88,13921257873,44575.2,23,55,685
16-Feb-22,3127.83,12352406833,43961.86,23,55,686
17-Feb-22,2881.48,15860206214,40538.01,23,55,687
18-Feb-22,2785.73,15748173433,40030.98,23,55,688
19-Feb-22,2763.7,9774183169,40122.16,23,55,689
20-Feb-22,2628.65,11641437834,38431.38,25,46,690
21-Feb-22,2573.82,18646392740,37075.28,25,46,691
22-Feb-22,2639.3,16360200507,38286.03,25,46,692
23-Feb-22,2590.36,13382637240,37296.57,25,46,693
24-Feb-22,2598.07,29312342666,38332.61,25,46,694
25-Feb-22,2764.54,17208902048,39214.22,25,46,695
26-Feb-22,2781.11,11724648351,39105.15,25,46,696
27-Feb-22,2621.8,16150857254,37709.79,19,33,697
28-Feb-22,2919.2,19266124733,43193.23,19,33,698
1-Mar-22,2972.49,18757425786,44354.64,19,33,699
2-Mar-22,2950.12,16636517503,43924.12,19,33,700
3-Mar-22,2834.47,13091199728,42451.79,19,33,701
4-Mar-22,2617.16,14496939024,39137.61,19,33,702
5-Mar-22,2664.83,8072368396,39400.59,19,33,703
6-Mar-22,2555.04,8872976607,38419.98,17,27,704
7-Mar-22,2497.77,14594098731,38062.04,17,27,705
8-Mar-22,2576.75,13922922903,38737.27,17,27,706
9-Mar-22,2729.78,14173665398,41982.93,17,27,707
10-Mar-22,2608.05,13292477213,39437.46,17,27,708
11-Mar-22,2559.56,12382419582,38794.97,17,27,709
12-Mar-22,2574.75,6532996574,38904.01,17,27,710
13-Mar-22,2518.94,8632000379,37849.66,16,30,711
14-Mar-22,2590.7,11244398839,39666.75,16,30,712
15-Mar-22,2620.15,12861105614,39338.79,16,30,713
16-Mar-22,2772.06,17915109769,41143.93,16,30,714
17-Mar-22,2814.85,12685265194,40951.38,16,30,715
18-Mar-22,2945.34,15830879093,41801.16,16,30,716
19-Mar-22,2946.26,11576463120,42190.65,16,30,717
20-Mar-22,2860.46,12684727326,41247.82,19,31,718
21-Mar-22,2897.98,15206116098,41078,19,31,719
22-Mar-22,2973.13,16830539230,42358.81,19,31,720
23-Mar-22,3031.07,16008767658,42892.96,19,31,721
24-Mar-22,3108.06,18070503166,43960.93,19,31,722
25-Mar-22,3106.67,17030503831,44348.73,19,31,723
26-Mar-22,3143.18,8876420740,44500.83,19,31,724
27-Mar-22,3291.58,13431866834,46820.49,21,25,725
28-Mar-22,3336.63,20620450770,47128,21,25,726
29-Mar-22,3401.99,19533323636,47465.73,21,25,727
30-Mar-22,3385.16,15302506131,47062.66,21,25,728
31-Mar-22,3281.64,17685495686,45538.68,21,25,729
1-Apr-22,3449.55,20982988937,46281.64,21,25,730
2-Apr-22,3445.06,23571556215,45868.95,21,25,731